CO_POSICAO;SG_AREA;CO_ITEM;TX_GABARITO;CO_HABILIDADE;IN_ITEM_ABAN;TX_MOTIVO_ABAN;NU_PARAM_A;NU_PARAM_B;NU_PARAM_C;TX_COR;CO_PROVA;TP_LINGUA
1;CH;7952;E;1;0;;1.625;1.122;0.177;AZUL;137;
1;CH;8120;C;16;0;;2.442;0.208;0.171;ROSA;140;
1;CH;9054;C;25;0;;2.169;1.621;0.188;AMARELA;138;
1;CH;9689;A;3;0;;1.766;-0.102;0.164;BRANCA;139;
1;CH;18289;A;17;0;;1.121;-0.493;0.191;BRANCA;154;
2;CH;8011;A;13;0;;1.568;-0.189;0.168;BRANCA;139;
2;CH;8450;E;26;0;;0.929;0.518;0.171;AMARELA;138;
2;CH;8454;E;27;0;;2.156;2.567;0.148;ROSA;140;
2;CH;9690;A;23;0;;2.016;0.823;0.203;AZUL;137;
2;CH;18293;D;4;0;;0.983;-0.408;0.15;BRANCA;154;
3;CH;7569;B;9;0;;2.851;0.683;0.133;ROSA;140;
3;CH;8503;B;9;0;;2.617;1.099;0.252;AMARELA;138;
3;CH;8602;C;21;0;;2.88;-0.094;0.173;BRANCA;154;
3;CH;11047;D;24;0;;1.324;2.95;0.286;AZUL;137;
3;CH;14121;B;24;0;;2.641;0.468;0.16;BRANCA;139;
4;CH;7592;D;21;0;;2.375;1.921;0.066;ROSA;140;
4;CH;7795;D;22;0;;2.159;0.644;0.142;BRANCA;139;
4;CH;8102;B;3;0;;2.155;0.752;0.254;AZUL;137;
4;CH;14529;E;11;0;;2.383;0.003;0.167;AMARELA;138;
4;CH;18295;C;21;0;;3.071;0.422;0.155;BRANCA;154;
5;CH;7586;D;2;0;;1.493;0.705;0.146;ROSA;140;
5;CH;7589;E;12;0;;2.155;0.211;0.171;BRANCA;139;
5;CH;7612;C;22;0;;1.272;-0.224;0.202;AMARELA;138;
5;CH;9689;A;3;0;;1.766;-0.102;0.164;AZUL;137;
5;CH;12151;D;13;0;;2.704;2.171;0.221;BRANCA;154;
6;CH;7597;E;7;0;;1.253;1.64;0.267;BRANCA;139;
6;CH;8011;A;13;0;;1.568;-0.189;0.168;AZUL;137;
6;CH;8416;C;17;0;;1.147;3.067;0.244;ROSA;140;
6;CH;8451;A;29;0;;1.398;-0.295;0.15;AMARELA;138;
6;CH;9514;E;1;0;;1.624;0.873;0.15;BRANCA;154;
7;CH;7572;E;15;0;;1.194;1.197;0.222;BRANCA;139;
7;CH;7952;E;1;0;;1.625;1.122;0.177;AMARELA;138;
7;CH;10932;D;4;0;;2.451;0.542;0.14;ROSA;140;
7;CH;14105;E;12;0;;2.406;2.06;0.159;BRANCA;154;
7;CH;14121;B;24;0;;2.641;0.468;0.16;AZUL;137;
8;CH;6899;E;2;0;;2.165;0.333;0.145;BRANCA;139;
8;CH;7795;D;22;0;;2.159;0.644;0.142;AZUL;137;
8;CH;9104;C;23;0;;2.461;0.838;0.201;BRANCA;154;
8;CH;9690;A;23;0;;2.016;0.823;0.203;AMARELA;138;
8;CH;13850;A;26;0;;1.687;1.227;0.123;ROSA;140;
9;CH;7952;E;1;0;;1.625;1.122;0.177;BRANCA;139;
9;CH;8507;A;24;0;;2.208;1.55;0.13;BRANCA;154;
9;CH;9054;C;25;0;;2.169;1.621;0.188;AZUL;137;
9;CH;9101;E;4;0;;1.688;2.01;0.187;ROSA;140;
9;CH;9689;A;3;0;;1.766;-0.102;0.164;AMARELA;138;
10;CH;7607;D;15;0;;1.308;1.057;0.182;BRANCA;154;
10;CH;8011;A;13;0;;1.568;-0.189;0.168;AMARELA;138;
10;CH;8450;E;26;0;;0.929;0.518;0.171;AZUL;137;
10;CH;9690;A;23;0;;2.016;0.823;0.203;BRANCA;139;
10;CH;11449;C;23;0;;1.135;2.452;0.189;ROSA;140;
11;CH;7952;E;1;0;;1.625;1.122;0.177;ROSA;140;
11;CH;7987;B;13;0;;2.226;2.501;0.129;BRANCA;154;
11;CH;8503;B;9;0;;2.617;1.099;0.252;AZUL;137;
11;CH;9054;C;25;0;;2.169;1.621;0.188;BRANCA;139;
11;CH;14121;B;24;0;;2.641;0.468;0.16;AMARELA;138;
12;CH;7592;D;21;0;;2.375;1.921;0.066;AZUL;137;
12;CH;7795;D;22;0;;2.159;0.644;0.142;AMARELA;138;
12;CH;8450;E;26;0;;0.929;0.518;0.171;BRANCA;139;
12;CH;9690;A;23;0;;2.016;0.823;0.203;ROSA;140;
12;CH;11188;C;7;0;;1.799;0.306;0.226;BRANCA;154;
13;CH;7586;D;2;0;;1.493;0.705;0.146;AZUL;137;
13;CH;8503;B;9;0;;2.617;1.099;0.252;BRANCA;139;
13;CH;9689;A;3;0;;1.766;-0.102;0.164;ROSA;140;
13;CH;9879;B;16;0;;1.477;1.914;0.248;BRANCA;154;
13;CH;11047;D;24;0;;1.324;2.95;0.286;AMARELA;138;
14;CH;8011;A;13;0;;1.568;-0.189;0.168;ROSA;140;
14;CH;8102;B;3;0;;2.155;0.752;0.254;AMARELA;138;
14;CH;8120;C;16;0;;2.442;0.208;0.171;BRANCA;139;
14;CH;8416;C;17;0;;1.147;3.067;0.244;AZUL;137;
14;CH;8423;A;17;0;;1.236;0.525;0.165;BRANCA;154;
15;CH;7589;E;12;0;;2.155;0.211;0.171;AZUL;137;
15;CH;7600;C;10;0;;1.544;0.871;0.129;AMARELA;138;
15;CH;8454;E;27;0;;2.156;2.567;0.148;BRANCA;139;
15;CH;14121;B;24;0;;2.641;0.468;0.16;ROSA;140;
15;CH;18296;A;9;0;;0.777;1.001;0.16;BRANCA;154;
16;CH;7569;B;9;0;;2.851;0.683;0.133;BRANCA;139;
16;CH;7597;E;7;0;;1.253;1.64;0.267;AZUL;137;
16;CH;7795;D;22;0;;2.159;0.644;0.142;ROSA;140;
16;CH;13971;D;15;0;;1.157;2.747;0.271;AMARELA;138;
16;CH;18303;E;8;0;;2.849;0.708;0.128;BRANCA;154;
17;CH;6903;B;18;0;;1.506;0.787;0.171;BRANCA;154;
17;CH;7572;E;15;0;;1.194;1.197;0.222;AZUL;137;
17;CH;8447;C;28;0;;2.073;1.029;0.116;AMARELA;138;
17;CH;11047;D;24;0;;1.324;2.95;0.286;BRANCA;139;
17;CH;11047;D;24;0;;1.324;2.95;0.286;ROSA;140;
18;CH;6899;E;2;0;;2.165;0.333;0.145;AZUL;137;
18;CH;8102;B;3;0;;2.155;0.752;0.254;BRANCA;139;
18;CH;8102;B;3;0;;2.155;0.752;0.254;ROSA;140;
18;CH;9810;B;24;0;;1.351;2.032;0.199;BRANCA;154;
18;CH;14075;E;13;0;;1.136;0.806;0.162;AMARELA;138;
19;CH;7589;E;12;0;;2.155;0.211;0.171;AMARELA;138;
19;CH;7592;D;21;0;;2.375;1.921;0.066;BRANCA;139;
19;CH;8120;C;16;0;;2.442;0.208;0.171;AZUL;137;
19;CH;8452;A;27;0;;2.045;0.589;0.192;ROSA;140;
19;CH;18305;E;19;0;;1.973;0.658;0.121;BRANCA;154;
20;CH;7012;B;20;0;;1.853;1.539;0.111;ROSA;140;
20;CH;7586;D;2;0;;1.493;0.705;0.146;BRANCA;139;
20;CH;7597;E;7;0;;1.253;1.64;0.267;AMARELA;138;
20;CH;8454;E;27;0;;2.156;2.567;0.148;AZUL;137;
20;CH;15284;E;7;0;;2.922;1.048;0.117;BRANCA;154;
21;CH;7569;B;9;0;;2.851;0.683;0.133;AZUL;137;
21;CH;7572;E;15;0;;1.194;1.197;0.222;AMARELA;138;
21;CH;8416;C;17;0;;1.147;3.067;0.244;BRANCA;139;
21;CH;14192;E;28;0;;1.318;2.64;0.286;ROSA;140;
21;CH;18306;B;25;0;;2.056;-0.595;0.192;BRANCA;154;
22;CH;6899;E;2;0;;2.165;0.333;0.145;AMARELA;138;
22;CH;7559;E;8;0;;0.891;2.348;0.151;ROSA;140;
22;CH;7600;C;10;0;;1.544;0.871;0.129;AZUL;137;
22;CH;7600;C;10;0;;1.544;0.871;0.129;BRANCA;139;
22;CH;9599;A;23;0;;2.619;1.173;0.156;BRANCA;154;
23;CH;8120;C;16;0;;2.442;0.208;0.171;AMARELA;138;
23;CH;10814;D;11;0;;1.005;2.876;0.226;BRANCA;154;
23;CH;13971;D;15;0;;1.157;2.747;0.271;AZUL;137;
23;CH;13971;D;15;0;;1.157;2.747;0.271;BRANCA;139;
23;CH;15288;E;18;0;;1.918;2.127;0.143;ROSA;140;
24;CH;7408;B;14;0;;1.512;1.567;0.109;BRANCA;154;
24;CH;7589;E;12;0;;2.155;0.211;0.171;ROSA;140;
24;CH;8166;A;6;0;;2.013;0.909;0.134;AZUL;137;
24;CH;8454;E;27;0;;2.156;2.567;0.148;AMARELA;138;
24;CH;10932;D;4;0;;2.451;0.542;0.14;BRANCA;139;
25;CH;7561;A;22;0;;1.94;0.227;0.162;BRANCA;154;
25;CH;7569;B;9;0;;2.851;0.683;0.133;AMARELA;138;
25;CH;7597;E;7;0;;1.253;1.64;0.267;ROSA;140;
25;CH;9218;D;1;0;;1.276;1.196;0.274;AZUL;137;
25;CH;13850;A;26;0;;1.687;1.227;0.123;BRANCA;139;
26;CH;7572;E;15;0;;1.194;1.197;0.222;ROSA;140;
26;CH;7592;D;21;0;;2.375;1.921;0.066;AMARELA;138;
26;CH;8447;C;28;0;;2.073;1.029;0.116;AZUL;137;
26;CH;9101;E;4;0;;1.688;2.01;0.187;BRANCA;139;
26;CH;10186;D;3;0;;2.685;1.142;0.225;BRANCA;154;
27;CH;6899;E;2;0;;2.165;0.333;0.145;ROSA;140;
27;CH;7586;D;2;0;;1.493;0.705;0.146;AMARELA;138;
27;CH;11338;C;1;0;;1.524;2.796;0.132;BRANCA;154;
27;CH;11449;C;23;0;;1.135;2.452;0.189;BRANCA;139;
27;CH;14075;E;13;0;;1.136;0.806;0.162;AZUL;137;
28;CH;8416;C;17;0;;1.147;3.067;0.244;AMARELA;138;
28;CH;8452;A;27;0;;2.045;0.589;0.192;BRANCA;139;
28;CH;8532;A;11;0;;1.823;0.253;0.149;BRANCA;154;
28;CH;9054;C;25;0;;2.169;1.621;0.188;ROSA;140;
28;CH;10932;D;4;0;;2.451;0.542;0.14;AZUL;137;
29;CH;7012;B;20;0;;1.853;1.539;0.111;BRANCA;139;
29;CH;8450;E;26;0;;0.929;0.518;0.171;ROSA;140;
29;CH;8865;E;2;0;;2.042;0.94;0.109;BRANCA;154;
29;CH;11330;C;11;0;;1.225;0.043;0.191;AMARELA;138;
29;CH;13850;A;26;0;;1.687;1.227;0.123;AZUL;137;
30;CH;8109;C;3;0;;1.465;0.314;0.161;BRANCA;154;
30;CH;8503;B;9;0;;2.617;1.099;0.252;ROSA;140;
30;CH;9101;E;4;0;;1.688;2.01;0.187;AZUL;137;
30;CH;11559;D;5;0;;1.539;1.943;0.135;AMARELA;138;
30;CH;14192;E;28;0;;1.318;2.64;0.286;BRANCA;139;
31;CH;7559;E;8;0;;0.891;2.348;0.151;BRANCA;139;
31;CH;7971;A;19;0;;1.451;1.861;0.106;AMARELA;138;
31;CH;8121;A;5;0;;1.515;1.353;0.115;BRANCA;154;
31;CH;11449;C;23;0;;1.135;2.452;0.189;AZUL;137;
31;CH;14529;E;11;0;;2.383;0.003;0.167;ROSA;140;
32;CH;7612;C;22;0;;1.272;-0.224;0.202;ROSA;140;
32;CH;8166;A;6;0;;2.013;0.909;0.134;AMARELA;138;
32;CH;8452;A;27;0;;2.045;0.589;0.192;AZUL;137;
32;CH;15288;E;18;0;;1.918;2.127;0.143;BRANCA;139;
32;CH;18307;B;5;0;;1.901;-0.231;0.153;BRANCA;154;
33;CH;7012;B;20;0;;1.853;1.539;0.111;AZUL;137;
33;CH;8449;A;29;0;;1.786;1.58;0.285;BRANCA;154;
33;CH;8451;A;29;0;;1.398;-0.295;0.15;ROSA;140;
33;CH;9218;D;1;0;;1.276;1.196;0.274;AMARELA;138;
33;CH;11330;C;11;0;;1.225;0.043;0.191;BRANCA;139;
34;CH;7600;C;10;0;;1.544;0.871;0.129;ROSA;140;
34;CH;11559;D;5;0;;1.539;1.943;0.135;BRANCA;139;
34;CH;12077;A;29;0;;1.126;1.082;0.154;AMARELA;138;
34;CH;14192;E;28;0;;1.318;2.64;0.286;AZUL;137;
34;CH;18308;A;28;0;;2.036;0.296;0.166;BRANCA;154;
35;CH;7559;E;8;0;;0.891;2.348;0.151;AZUL;137;
35;CH;7971;A;19;0;;1.451;1.861;0.106;BRANCA;139;
35;CH;8438;E;30;0;;0.914;1.0;0.19;AMARELA;138;
35;CH;12819;D;26;0;;2.112;1.052;0.178;BRANCA;154;
35;CH;13971;D;15;0;;1.157;2.747;0.271;ROSA;140;
36;CH;6893;C;8;0;;2.029;1.938;0.124;BRANCA;154;
36;CH;8424;E;14;0;;2.153;1.267;0.1;AMARELA;138;
36;CH;8447;C;28;0;;2.073;1.029;0.116;BRANCA;139;
36;CH;11330;C;11;0;;1.225;0.043;0.191;ROSA;140;
36;CH;15288;E;18;0;;1.918;2.127;0.143;AZUL;137;
37;CH;8452;A;27;0;;2.045;0.589;0.192;AMARELA;138;
37;CH;11559;D;5;0;;1.539;1.943;0.135;ROSA;140;
37;CH;12077;A;29;0;;1.126;1.082;0.154;AZUL;137;
37;CH;14075;E;13;0;;1.136;0.806;0.162;BRANCA;139;
37;CH;18309;E;27;0;;1.039;1.977;0.143;BRANCA;154;
38;CH;7012;B;20;0;;1.853;1.539;0.111;AMARELA;138;
38;CH;7971;A;19;0;;1.451;1.861;0.106;ROSA;140;
38;CH;7974;C;30;0;;1.953;0.907;0.169;BRANCA;154;
38;CH;8166;A;6;0;;2.013;0.909;0.134;BRANCA;139;
38;CH;8438;E;30;0;;0.914;1.0;0.19;AZUL;137;
39;CH;8013;B;4;0;;2.367;1.356;0.186;BRANCA;154;
39;CH;8166;A;6;0;;2.013;0.909;0.134;ROSA;140;
39;CH;8424;E;14;0;;2.153;1.267;0.1;AZUL;137;
39;CH;9218;D;1;0;;1.276;1.196;0.274;BRANCA;139;
39;CH;14192;E;28;0;;1.318;2.64;0.286;AMARELA;138;
40;CH;7559;E;8;0;;0.891;2.348;0.151;AMARELA;138;
40;CH;9218;D;1;0;;1.276;1.196;0.274;ROSA;140;
40;CH;10133;D;27;0;;1.716;1.06;0.224;BRANCA;154;
40;CH;12077;A;29;0;;1.126;1.082;0.154;BRANCA;139;
40;CH;14529;E;11;0;;2.383;0.003;0.167;AZUL;137;
41;CH;7612;C;22;0;;1.272;-0.224;0.202;AZUL;137;
41;CH;8438;E;30;0;;0.914;1.0;0.19;BRANCA;139;
41;CH;10286;B;10;0;;1.332;1.07;0.224;BRANCA;154;
41;CH;12077;A;29;0;;1.126;1.082;0.154;ROSA;140;
41;CH;15288;E;18;0;;1.918;2.127;0.143;AMARELA;138;
42;CH;8424;E;14;0;;2.153;1.267;0.1;BRANCA;139;
42;CH;8438;E;30;0;;0.914;1.0;0.19;ROSA;140;
42;CH;8451;A;29;0;;1.398;-0.295;0.15;AZUL;137;
42;CH;10932;D;4;0;;2.451;0.542;0.14;AMARELA;138;
42;CH;18310;A;20;0;;2.117;0.801;0.249;BRANCA;154;
43;CH;8424;E;14;0;;2.153;1.267;0.1;ROSA;140;
43;CH;10862;B;6;0;;1.449;0.447;0.183;BRANCA;154;
43;CH;11330;C;11;0;;1.225;0.043;0.191;AZUL;137;
43;CH;13850;A;26;0;;1.687;1.227;0.123;AMARELA;138;
43;CH;14529;E;11;0;;2.383;0.003;0.167;BRANCA;139;
44;CH;7612;C;22;0;;1.272;-0.224;0.202;BRANCA;139;
44;CH;8447;C;28;0;;2.073;1.029;0.116;ROSA;140;
44;CH;9101;E;4;0;;1.688;2.01;0.187;AMARELA;138;
44;CH;10456;A;16;0;;2.377;0.108;0.164;BRANCA;154;
44;CH;11559;D;5;0;;1.539;1.943;0.135;AZUL;137;
45;CH;7971;A;19;0;;1.451;1.861;0.106;AZUL;137;
45;CH;8451;A;29;0;;1.398;-0.295;0.15;BRANCA;139;
45;CH;11449;C;23;0;;1.135;2.452;0.189;AMARELA;138;
45;CH;14075;E;13;0;;1.136;0.806;0.162;ROSA;140;
45;CH;18311;C;25;0;;2.201;-0.146;0.158;BRANCA;154;
46;CN;7720;B;2;0;;2.088;1.096;0.072;AZUL;141;
46;CN;8039;E;23;0;;1.073;-0.203;0.206;BRANCA;143;
46;CN;8987;D;15;0;;1.887;0.897;0.279;ROSA;144;
46;CN;10813;C;23;0;;1.738;1.226;0.145;AMARELA;142;
46;CN;18379;A;6;0;;1.557;-0.17;0.242;BRANCA;153;
47;CN;7859;B;12;0;;1.532;2.288;0.184;AMARELA;142;
47;CN;10549;E;4;0;;1.589;0.266;0.101;BRANCA;143;
47;CN;12242;D;28;0;;1.175;2.965;0.163;ROSA;144;
47;CN;13481;A;19;0;;2.718;0.371;0.172;AZUL;141;
47;CN;18380;E;2;0;;1.257;-0.169;0.169;BRANCA;153;
48;CN;7530;A;29;0;;3.042;0.65;0.229;AMARELA;142;
48;CN;13470;D;10;0;;1.027;-0.639;0.193;BRANCA;143;
48;CN;13701;A;25;0;;1.651;0.811;0.262;ROSA;144;
48;CN;14970;E;11;0;;2.232;1.766;0.215;AZUL;141;
48;CN;18377;D;4;0;;1.473;-0.24;0.139;BRANCA;153;
49;CN;8845;C;5;0;;3.254;1.486;0.2;BRANCA;153;
49;CN;9749;B;26;0;;3.558;1.372;0.206;ROSA;144;
49;CN;11971;B;1;0;;2.275;0.957;0.15;AMARELA;142;
49;CN;13100;B;24;0;;3.122;1.118;0.15;AZUL;141;
49;CN;14952;A;19;0;;1.962;0.736;0.177;BRANCA;143;
50;CN;7720;B;2;0;;2.088;1.096;0.072;BRANCA;143;
50;CN;8039;E;23;0;;1.073;-0.203;0.206;AZUL;141;
50;CN;11088;D;6;0;;2.214;2.17;0.068;AMARELA;142;
50;CN;12176;A;24;0;;3.805;0.708;0.192;BRANCA;153;
50;CN;13755;E;26;0;;2.226;-0.365;0.145;ROSA;144;
51;CN;8998;D;7;0;;1.425;1.592;0.201;AMARELA;142;
51;CN;10549;E;4;0;;1.589;0.266;0.101;AZUL;141;
51;CN;10698;C;20;0;;1.883;0.118;0.163;ROSA;144;
51;CN;13481;A;19;0;;2.718;0.371;0.172;BRANCA;143;
51;CN;14947;B;16;0;;2.377;1.718;0.206;BRANCA;153;
52;CN;9598;C;18;0;;2.709;0.282;0.096;BRANCA;153;
52;CN;10766;E;5;0;;1.849;2.336;0.155;ROSA;144;
52;CN;13155;A;2;0;;1.781;1.583;0.173;AMARELA;142;
52;CN;13470;D;10;0;;1.027;-0.639;0.193;AZUL;141;
52;CN;14970;E;11;0;;2.232;1.766;0.215;BRANCA;143;
53;CN;7227;C;17;0;;1.964;0.792;0.112;BRANCA;153;
53;CN;7538;E;10;0;;1.511;1.598;0.2;ROSA;144;
53;CN;10925;C;17;0;;3.419;1.315;0.165;AMARELA;142;
53;CN;13100;B;24;0;;3.122;1.118;0.15;BRANCA;143;
53;CN;14952;A;19;0;;1.962;0.736;0.177;AZUL;141;
54;CN;8039;E;23;0;;1.073;-0.203;0.206;AMARELA;142;
54;CN;10813;C;23;0;;1.738;1.226;0.145;BRANCA;143;
54;CN;11971;B;1;0;;2.275;0.957;0.15;AZUL;141;
54;CN;13564;E;10;0;;2.3;1.136;0.214;BRANCA;153;
54;CN;14982;B;22;0;;2.199;1.465;0.089;ROSA;144;
55;CN;7859;B;12;0;;1.532;2.288;0.184;BRANCA;143;
55;CN;10549;E;4;0;;1.589;0.266;0.101;AMARELA;142;
55;CN;11088;D;6;0;;2.214;2.17;0.068;AZUL;141;
55;CN;12246;E;15;0;;2.361;1.009;0.118;ROSA;144;
55;CN;18387;B;22;0;;1.198;2.583;0.177;BRANCA;153;
56;CN;7530;A;29;0;;3.042;0.65;0.229;BRANCA;143;
56;CN;8987;D;15;0;;1.887;0.897;0.279;AZUL;141;
56;CN;10551;C;19;0;;3.039;0.587;0.147;BRANCA;153;
56;CN;12466;B;25;0;;3.412;1.198;0.16;ROSA;144;
56;CN;13470;D;10;0;;1.027;-0.639;0.193;AMARELA;142;
57;CN;7520;E;18;0;;3.262;0.865;0.132;BRANCA;143;
57;CN;10925;C;17;0;;3.419;1.315;0.165;ROSA;144;
57;CN;12242;D;28;0;;1.175;2.965;0.163;AZUL;141;
57;CN;13531;D;11;0;;1.709;1.153;0.074;BRANCA;153;
57;CN;14952;A;19;0;;1.962;0.736;0.177;AMARELA;142;
58;CN;7720;B;2;0;;2.088;1.096;0.072;AMARELA;142;
58;CN;8039;E;23;0;;1.073;-0.203;0.206;ROSA;144;
58;CN;11471;E;13;0;;3.167;1.289;0.13;BRANCA;143;
58;CN;13701;A;25;0;;1.651;0.811;0.262;AZUL;141;
58;CN;14979;E;21;0;;2.405;0.916;0.076;BRANCA;153;
59;CN;9749;B;26;0;;3.558;1.372;0.206;AZUL;141;
59;CN;10549;E;4;0;;1.589;0.266;0.101;ROSA;144;
59;CN;12313;A;25;0;;1.491;2.311;0.163;BRANCA;143;
59;CN;13481;A;19;0;;2.718;0.371;0.172;AMARELA;142;
59;CN;18388;C;25;0;;1.515;2.886;0.243;BRANCA;153;
60;CN;10925;C;17;0;;3.419;1.315;0.165;AZUL;141;
60;CN;11971;B;1;0;;2.275;0.957;0.15;BRANCA;143;
60;CN;13470;D;10;0;;1.027;-0.639;0.193;ROSA;144;
60;CN;14970;E;11;0;;2.232;1.766;0.215;AMARELA;142;
60;CN;18382;B;13;0;;2.954;-0.069;0.244;BRANCA;153;
61;CN;10813;C;23;0;;1.738;1.226;0.145;AZUL;141;
61;CN;11088;D;6;0;;2.214;2.17;0.068;BRANCA;143;
61;CN;12127;B;27;0;;2.692;1.173;0.173;BRANCA;153;
61;CN;13100;B;24;0;;3.122;1.118;0.15;AMARELA;142;
61;CN;14952;A;19;0;;1.962;0.736;0.177;ROSA;144;
62;CN;6557;D;14;0;;1.589;0.025;0.232;BRANCA;153;
62;CN;7520;E;18;0;;3.262;0.865;0.132;AMARELA;142;
62;CN;7859;B;12;0;;1.532;2.288;0.184;AZUL;141;
62;CN;11971;B;1;0;;2.275;0.957;0.15;ROSA;144;
62;CN;14165;C;18;0;;2.553;1.767;0.242;BRANCA;143;
63;CN;7394;D;14;0;;1.166;1.513;0.169;BRANCA;143;
63;CN;7530;A;29;0;;3.042;0.65;0.229;AZUL;141;
63;CN;11088;D;6;0;;2.214;2.17;0.068;ROSA;144;
63;CN;11471;E;13;0;;3.167;1.289;0.13;AMARELA;142;
63;CN;14976;C;21;0;;2.173;0.931;0.13;BRANCA;153;
64;CN;7520;E;18;0;;3.262;0.865;0.132;AZUL;141;
64;CN;8998;D;7;0;;1.425;1.592;0.201;ROSA;144;
64;CN;10215;B;6;0;;1.94;2.58;0.175;BRANCA;153;
64;CN;12313;A;25;0;;1.491;2.311;0.163;AMARELA;142;
64;CN;13577;C;19;0;;2.555;0.753;0.161;BRANCA;143;
65;CN;11471;E;13;0;;3.167;1.289;0.13;AZUL;141;
65;CN;11473;D;27;0;;1.899;2.546;0.165;BRANCA;143;
65;CN;13155;A;2;0;;1.781;1.583;0.173;ROSA;144;
65;CN;13755;E;26;0;;2.226;-0.365;0.145;AMARELA;142;
65;CN;18381;C;26;0;;2.604;-0.095;0.128;BRANCA;153;
66;CN;7720;B;2;0;;2.088;1.096;0.072;ROSA;144;
66;CN;7849;E;15;0;;2.848;1.207;0.139;BRANCA;153;
66;CN;10698;C;20;0;;1.883;0.118;0.163;AMARELA;142;
66;CN;10925;C;17;0;;3.419;1.315;0.165;BRANCA;143;
66;CN;12313;A;25;0;;1.491;2.311;0.163;AZUL;141;
67;CN;8987;D;15;0;;1.887;0.897;0.279;BRANCA;143;
67;CN;10766;E;5;0;;1.849;2.336;0.155;AMARELA;142;
67;CN;11124;A;3;0;;1.306;0.651;0.236;BRANCA;153;
67;CN;13481;A;19;0;;2.718;0.371;0.172;ROSA;144;
67;CN;14165;C;18;0;;2.553;1.767;0.242;AZUL;141;
68;CN;7394;D;14;0;;1.166;1.513;0.169;AZUL;141;
68;CN;12242;D;28;0;;1.175;2.965;0.163;BRANCA;143;
68;CN;14945;D;15;0;;1.186;2.713;0.278;BRANCA;153;
68;CN;14970;E;11;0;;2.232;1.766;0.215;ROSA;144;
68;CN;14971;A;20;0;;2.642;2.452;0.191;AMARELA;142;
69;CN;9341;C;26;0;;2.546;0.642;0.247;BRANCA;153;
69;CN;13100;B;24;0;;3.122;1.118;0.15;ROSA;144;
69;CN;13577;C;19;0;;2.555;0.753;0.161;AZUL;141;
69;CN;13701;A;25;0;;1.651;0.811;0.262;BRANCA;143;
69;CN;14939;C;3;0;;1.891;1.038;0.181;AMARELA;142;
70;CN;7717;B;4;0;;2.154;1.158;0.185;AMARELA;142;
70;CN;9749;B;26;0;;3.558;1.372;0.206;BRANCA;143;
70;CN;10813;C;23;0;;1.738;1.226;0.145;ROSA;144;
70;CN;11473;D;27;0;;1.899;2.546;0.165;AZUL;141;
70;CN;14960;C;6;0;;1.158;1.105;0.146;BRANCA;153;
71;CN;6512;E;18;0;;1.059;2.287;0.248;BRANCA;153;
71;CN;7859;B;12;0;;1.532;2.288;0.184;ROSA;144;
71;CN;8987;D;15;0;;1.887;0.897;0.279;AMARELA;142;
71;CN;13755;E;26;0;;2.226;-0.365;0.145;AZUL;141;
71;CN;13755;E;26;0;;2.226;-0.365;0.145;BRANCA;143;
72;CN;7530;A;29;0;;3.042;0.65;0.229;ROSA;144;
72;CN;10698;C;20;0;;1.883;0.118;0.163;AZUL;141;
72;CN;10698;C;20;0;;1.883;0.118;0.163;BRANCA;143;
72;CN;12242;D;28;0;;1.175;2.965;0.163;AMARELA;142;
72;CN;18384;E;23;0;;2.04;0.515;0.108;BRANCA;153;
73;CN;7520;E;18;0;;3.262;0.865;0.132;ROSA;144;
73;CN;9456;D;20;0;;3.161;1.422;0.219;BRANCA;153;
73;CN;10766;E;5;0;;1.849;2.336;0.155;AZUL;141;
73;CN;10766;E;5;0;;1.849;2.336;0.155;BRANCA;143;
73;CN;13701;A;25;0;;1.651;0.811;0.262;AMARELA;142;
74;CN;7538;E;10;0;;1.511;1.598;0.2;BRANCA;143;
74;CN;9749;B;26;0;;3.558;1.372;0.206;AMARELA;142;
74;CN;11471;E;13;0;;3.167;1.289;0.13;ROSA;144;
74;CN;12760;C;18;0;;2.59;1.078;0.118;BRANCA;153;
74;CN;14971;A;20;0;;2.642;2.452;0.191;AZUL;141;
75;CN;7538;E;10;0;;1.511;1.598;0.2;AMARELA;142;
75;CN;10770;E;26;0;;2.359;0.763;0.104;BRANCA;153;
75;CN;12313;A;25;0;;1.491;2.311;0.163;ROSA;144;
75;CN;14939;C;3;0;;1.891;1.038;0.181;AZUL;141;
75;CN;14982;B;22;0;;2.199;1.465;0.089;BRANCA;143;
76;CN;7717;B;4;0;;2.154;1.158;0.185;AZUL;141;
76;CN;9103;B;9;0;;2.475;0.739;0.204;BRANCA;153;
76;CN;12246;E;15;0;;2.361;1.009;0.118;BRANCA;143;
76;CN;14165;C;18;0;;2.553;1.767;0.242;ROSA;144;
76;CN;14982;B;22;0;;2.199;1.465;0.089;AMARELA;142;
77;CN;7394;D;14;0;;1.166;1.513;0.169;ROSA;144;
77;CN;8998;D;7;0;;1.425;1.592;0.201;AZUL;141;
77;CN;11165;E;3;0;;2.795;1.259;0.186;BRANCA;153;
77;CN;12246;E;15;0;;2.361;1.009;0.118;AMARELA;142;
77;CN;12466;B;25;0;;3.412;1.198;0.16;BRANCA;143;
78;CN;12466;B;25;0;;3.412;1.198;0.16;AMARELA;142;
78;CN;13155;A;2;0;;1.781;1.583;0.173;AZUL;141;
78;CN;13577;C;19;0;;2.555;0.753;0.161;ROSA;144;
78;CN;14971;A;20;0;;2.642;2.452;0.191;BRANCA;143;
78;CN;18386;D;22;0;;1.974;2.054;0.15;BRANCA;153;
79;CN;11473;D;27;0;;1.899;2.546;0.165;ROSA;144;
79;CN;12597;A;8;0;;3.665;1.637;0.126;BRANCA;153;
79;CN;14148;C;25;0;;2.904;1.225;0.293;AZUL;141;
79;CN;14939;C;3;0;;1.891;1.038;0.181;BRANCA;143;
79;CN;14980;B;21;0;;2.542;1.521;0.153;AMARELA;142;
80;CN;7526;C;30;0;;1.57;-0.14;0.209;AZUL;141;
80;CN;7717;B;4;0;;2.154;1.158;0.185;BRANCA;143;
80;CN;14938;A;3;0;;2.231;2.098;0.262;AMARELA;142;
80;CN;14971;A;20;0;;2.642;2.452;0.191;ROSA;144;
80;CN;14991;B;29;0;;2.195;0.248;0.208;BRANCA;153;
81;CN;7548;A;25;0;;1.778;1.105;0.177;BRANCA;153;
81;CN;7721;B;9;0;;2.306;0.775;0.111;AZUL;141;
81;CN;13601;C;16;0;;1.197;0.96;0.22;AMARELA;142;
81;CN;14939;C;3;0;;1.891;1.038;0.181;ROSA;144;
81;CN;14980;B;21;0;;2.542;1.521;0.153;BRANCA;143;
82;CN;7717;B;4;0;;2.154;1.158;0.185;ROSA;144;
82;CN;9320;B;29;0;;2.313;1.166;0.142;BRANCA;153;
82;CN;10124;E;8;0;;2.356;1.028;0.109;AZUL;141;
82;CN;12016;E;15;0;;3.273;0.957;0.216;AMARELA;142;
82;CN;14938;A;3;0;;2.231;2.098;0.262;BRANCA;143;
83;CN;7721;B;9;0;;2.306;0.775;0.111;AMARELA;142;
83;CN;13601;C;16;0;;1.197;0.96;0.22;BRANCA;143;
83;CN;14148;C;25;0;;2.904;1.225;0.293;ROSA;144;
83;CN;14980;B;21;0;;2.542;1.521;0.153;AZUL;141;
83;CN;21539;D;1;0;;1.205;0.401;0.186;BRANCA;153;
84;CN;7525;A;18;0;;2.257;0.068;0.2;BRANCA;153;
84;CN;7526;C;30;0;;1.57;-0.14;0.209;ROSA;144;
84;CN;10124;E;8;0;;2.356;1.028;0.109;AMARELA;142;
84;CN;12016;E;15;0;;3.273;0.957;0.216;BRANCA;143;
84;CN;14938;A;3;0;;2.231;2.098;0.262;AZUL;141;
85;CN;7721;B;9;0;;2.306;0.775;0.111;ROSA;144;
85;CN;8998;D;7;0;;1.425;1.592;0.201;BRANCA;143;
85;CN;10684;E;24;0;;4.099;1.047;0.212;BRANCA;153;
85;CN;13601;C;16;0;;1.197;0.96;0.22;AZUL;141;
85;CN;14148;C;25;0;;2.904;1.225;0.293;AMARELA;142;
86;CN;7526;C;30;0;;1.57;-0.14;0.209;AMARELA;142;
86;CN;10124;E;8;0;;2.356;1.028;0.109;ROSA;144;
86;CN;11355;D;20;0;;2.694;1.436;0.198;BRANCA;153;
86;CN;12016;E;15;0;;3.273;0.957;0.216;AZUL;141;
86;CN;13155;A;2;0;;1.781;1.583;0.173;BRANCA;143;
87;CN;7538;E;10;0;;1.511;1.598;0.2;AZUL;141;
87;CN;7721;B;9;0;;2.306;0.775;0.111;BRANCA;143;
87;CN;9420;E;7;0;;3.817;1.834;0.122;BRANCA;153;
87;CN;14165;C;18;0;;2.553;1.767;0.242;AMARELA;142;
87;CN;14980;B;21;0;;2.542;1.521;0.153;ROSA;144;
88;CN;7394;D;14;0;;1.166;1.513;0.169;AMARELA;142;
88;CN;10124;E;8;0;;2.356;1.028;0.109;BRANCA;143;
88;CN;14938;A;3;0;;2.231;2.098;0.262;ROSA;144;
88;CN;14982;B;22;0;;2.199;1.465;0.089;AZUL;141;
88;CN;14990;C;28;0;;1.862;-0.273;0.212;BRANCA;153;
89;CN;12246;E;15;0;;2.361;1.009;0.118;AZUL;141;
89;CN;13289;A;12;0;;2.851;-0.09;0.155;BRANCA;153;
89;CN;13577;C;19;0;;2.555;0.753;0.161;AMARELA;142;
89;CN;13601;C;16;0;;1.197;0.96;0.22;ROSA;144;
89;CN;14148;C;25;0;;2.904;1.225;0.293;BRANCA;143;
90;CN;7526;C;30;0;;1.57;-0.14;0.209;BRANCA;143;
90;CN;11473;D;27;0;;1.899;2.546;0.165;AMARELA;142;
90;CN;12016;E;15;0;;3.273;0.957;0.216;ROSA;144;
90;CN;12466;B;25;0;;3.412;1.198;0.16;AZUL;141;
90;CN;14962;C;7;0;;1.162;-0.221;0.205;BRANCA;153;
91;LC;7167;B;8;0;;1.092;0.96;0.17;CINZA - ESPECIAL D.J.;165;0.0
91;LC;7350;D;6;0;;1.646;0.939;0.204;AMARELA;145;0.0
91;LC;9317;D;6;0;;1.562;0.815;0.198;AMARELA;145;1.0
91;LC;11183;E;7;0;;1.71;0.453;0.137;CINZA;155;1.0
91;LC;11524;A;6;0;;1.318;0.405;0.109;AZUL;147;1.0
91;LC;11524;A;6;0;;1.318;0.405;0.109;CINZA;146;1.0
91;LC;11524;A;6;0;;1.318;0.405;0.109;ROSA;148;1.0
91;LC;11893;E;7;0;;1.699;0.363;0.169;CINZA;155;0.0
91;LC;15020;B;5;0;;1.885;1.091;0.133;ROSA;148;0.0
91;LC;15123;A;6;0;;1.275;0.347;0.21;AZUL;147;0.0
91;LC;15123;A;6;0;;1.275;0.347;0.21;CINZA;146;0.0
92;LC;7104;B;6;0;;1.332;2.25;0.188;CINZA - ESPECIAL D.J.;165;0.0
92;LC;7350;D;6;0;;1.646;0.939;0.204;ROSA;148;0.0
92;LC;9212;A;6;0;;1.866;0.438;0.141;CINZA;155;1.0
92;LC;9317;D;6;0;;1.562;0.815;0.198;AZUL;147;1.0
92;LC;9317;D;6;0;;1.562;0.815;0.198;CINZA;146;1.0
92;LC;10352;D;7;0;;1.617;0.493;0.142;AZUL;147;0.0
92;LC;10352;D;7;0;;1.617;0.493;0.142;CINZA;146;0.0
92;LC;11100;A;6;0;;1.614;1.293;0.136;AMARELA;145;1.0
92;LC;11100;A;6;0;;1.614;1.293;0.136;ROSA;148;1.0
92;LC;13720;A;6;0;;2.762;0.348;0.18;CINZA;155;0.0
92;LC;15020;B;5;0;;1.885;1.091;0.133;AMARELA;145;0.0
93;LC;7111;B;8;0;;1.722;1.862;0.284;AMARELA;145;0.0
93;LC;7111;B;8;0;;1.722;1.862;0.284;ROSA;148;0.0
93;LC;7350;D;6;0;;1.646;0.939;0.204;AZUL;147;0.0
93;LC;7350;D;6;0;;1.646;0.939;0.204;CINZA;146;0.0
93;LC;8395;A;6;0;;3.295;0.812;0.214;CINZA;155;1.0
93;LC;9317;D;6;0;;1.562;0.815;0.198;ROSA;148;1.0
93;LC;9381;A;7;0;;1.675;2.003;0.111;CINZA - ESPECIAL D.J.;165;0.0
93;LC;10575;D;5;0;;2.612;0.771;0.153;CINZA;155;0.0
93;LC;11100;A;6;0;;1.614;1.293;0.136;AZUL;147;1.0
93;LC;11100;A;6;0;;1.614;1.293;0.136;CINZA;146;1.0
93;LC;11524;A;6;0;;1.318;0.405;0.109;AMARELA;145;1.0
94;LC;7111;B;8;0;;1.722;1.862;0.284;AZUL;147;0.0
94;LC;8095;E;6;0;;1.555;1.299;0.103;CINZA;155;1.0
94;LC;8237;B;5;0;;2.032;0.967;0.135;CINZA;155;0.0
94;LC;9167;C;7;0;;2.118;1.058;0.188;CINZA;146;1.0
94;LC;9167;C;7;0;;2.118;1.058;0.188;ROSA;148;1.0
94;LC;9589;C;5;0;;2.348;1.485;0.106;CINZA - ESPECIAL D.J.;165;0.0
94;LC;11637;B;5;0;;1.614;2.255;0.254;AMARELA;145;1.0
94;LC;11637;B;5;0;;1.614;2.255;0.254;AZUL;147;1.0
94;LC;15020;B;5;0;;1.885;1.091;0.133;CINZA;146;0.0
94;LC;15123;A;6;0;;1.275;0.347;0.21;AMARELA;145;0.0
94;LC;15123;A;6;0;;1.275;0.347;0.21;ROSA;148;0.0
95;LC;7111;B;8;0;;1.722;1.862;0.284;CINZA;146;0.0
95;LC;7122;A;8;0;;2.433;1.078;0.115;CINZA;155;0.0
95;LC;9167;C;7;0;;2.118;1.058;0.188;AMARELA;145;1.0
95;LC;9167;C;7;0;;2.118;1.058;0.188;AZUL;147;1.0
95;LC;9761;E;5;0;;3.447;1.078;0.167;CINZA;155;1.0
95;LC;10352;D;7;0;;1.617;0.493;0.142;AMARELA;145;0.0
95;LC;10352;D;7;0;;1.617;0.493;0.142;ROSA;148;0.0
95;LC;11637;B;5;0;;1.614;2.255;0.254;CINZA;146;1.0
95;LC;11637;B;5;0;;1.614;2.255;0.254;ROSA;148;1.0
95;LC;13637;A;7;0;;2.88;-0.054;0.138;CINZA - ESPECIAL D.J.;165;0.0
95;LC;15020;B;5;0;;1.885;1.091;0.133;AZUL;147;0.0
96;LC;7566;E;26;0;;2.758;0.253;0.16;CINZA - ESPECIAL D.J.;165;
96;LC;9917;A;10;0;;2.024;-0.076;0.183;AZUL;147;
96;LC;9917;A;10;0;;2.024;-0.076;0.183;CINZA;146;
96;LC;10128;A;1;0;;2.826;1.126;0.226;AMARELA;145;
96;LC;10467;A;9;0;;1.46;1.422;0.198;ROSA;148;
96;LC;15016;A;14;0;;2.438;-0.156;0.175;CINZA;155;
97;LC;7657;B;13;0;;1.042;1.544;0.159;CINZA - ESPECIAL D.J.;165;
97;LC;9267;A;17;0;;1.528;1.501;0.195;ROSA;148;
97;LC;10744;A;3;0;;1.347;1.034;0.138;AMARELA;145;
97;LC;13161;A;30;0;;1.873;0.255;0.146;AZUL;147;
97;LC;13161;A;30;0;;1.873;0.255;0.146;CINZA;146;
97;LC;15092;C;11;0;;1.499;-0.19;0.164;CINZA;155;
98;LC;7178;A;4;0;;1.743;0.55;0.151;CINZA - ESPECIAL D.J.;165;
98;LC;7871;B;18;0;;1.929;0.296;0.208;CINZA;155;
98;LC;10167;D;20;0;;1.339;0.003;0.153;AZUL;147;
98;LC;10167;D;20;0;;1.339;0.003;0.153;CINZA;146;
98;LC;13064;A;26;0;;0.94;1.199;0.167;AMARELA;145;
98;LC;13440;B;18;0;;1.719;1.669;0.211;ROSA;148;
99;LC;7241;E;24;0;;1.761;-0.23;0.16;AMARELA;145;
99;LC;7243;C;3;0;;1.813;-0.237;0.171;CINZA;155;
99;LC;9917;A;10;0;;2.024;-0.076;0.183;ROSA;148;
99;LC;11849;A;25;0;;1.828;0.166;0.169;AZUL;147;
99;LC;11849;A;25;0;;1.828;0.166;0.169;CINZA;146;
99;LC;12364;C;20;0;;2.74;-0.109;0.257;CINZA - ESPECIAL D.J.;165;
100;LC;7125;D;27;0;;2.694;0.184;0.182;CINZA;155;
100;LC;7241;E;24;0;;1.761;-0.23;0.16;CINZA;146;
100;LC;8971;B;24;0;;2.704;-0.413;0.172;AMARELA;145;
100;LC;10467;A;9;0;;1.46;1.422;0.198;AZUL;147;
100;LC;10727;D;24;0;;2.171;1.147;0.144;CINZA - ESPECIAL D.J.;165;
100;LC;13161;A;30;0;;1.873;0.255;0.146;ROSA;148;
101;LC;7332;C;17;0;;1.426;0.352;0.223;CINZA - ESPECIAL D.J.;165;
101;LC;8971;B;24;0;;2.704;-0.413;0.172;CINZA;146;
101;LC;9267;A;17;0;;1.528;1.501;0.195;AZUL;147;
101;LC;10136;A;20;0;;2.07;0.251;0.166;CINZA;155;
101;LC;10167;D;20;0;;1.339;0.003;0.153;ROSA;148;
101;LC;13388;E;17;0;;1.971;0.039;0.169;AMARELA;145;
102;LC;7714;D;2;0;;1.775;-0.917;0.188;CINZA;146;
102;LC;7879;E;25;0;;2.671;-0.191;0.183;CINZA;155;
102;LC;9843;B;4;0;;2.072;0.209;0.134;AMARELA;145;
102;LC;9880;A;2;0;;1.912;0.59;0.196;CINZA - ESPECIAL D.J.;165;
102;LC;11849;A;25;0;;1.828;0.166;0.169;ROSA;148;
102;LC;13440;B;18;0;;1.719;1.669;0.211;AZUL;147;
103;LC;7241;E;24;0;;1.761;-0.23;0.16;ROSA;148;
103;LC;8716;D;11;0;;1.87;0.307;0.119;CINZA;146;
103;LC;10128;A;1;0;;2.826;1.126;0.226;AZUL;147;
103;LC;10335;D;30;0;;2.72;0.009;0.196;CINZA;155;
103;LC;13152;E;24;0;;2.563;0.427;0.125;AMARELA;145;
103;LC;13343;B;22;0;;1.803;1.685;0.172;CINZA - ESPECIAL D.J.;165;
104;LC;7706;C;25;0;;2.167;0.399;0.116;CINZA - ESPECIAL D.J.;165;
104;LC;8971;B;24;0;;2.704;-0.413;0.172;ROSA;148;
104;LC;9258;E;3;0;;2.418;0.025;0.142;AMARELA;145;
104;LC;9904;A;2;0;;1.781;-0.327;0.165;CINZA;155;
104;LC;10744;A;3;0;;1.347;1.034;0.138;AZUL;147;
104;LC;13475;C;13;0;;1.032;0.763;0.195;CINZA;146;
105;LC;6867;E;21;0;;0.654;0.292;0.236;CINZA - ESPECIAL D.J.;165;
105;LC;7626;B;4;0;;1.618;-0.285;0.19;CINZA;155;
105;LC;9628;A;23;0;;1.24;1.616;0.21;AMARELA;145;
105;LC;10128;A;1;0;;2.826;1.126;0.226;ROSA;148;
105;LC;13064;A;26;0;;0.94;1.199;0.167;AZUL;147;
105;LC;13388;E;17;0;;1.971;0.039;0.169;CINZA;146;
106;LC;7241;E;24;0;;1.761;-0.23;0.16;AZUL;147;
106;LC;7656;B;14;0;;1.597;0.146;0.172;CINZA;155;
106;LC;9843;B;4;0;;2.072;0.209;0.134;CINZA;146;
106;LC;10744;A;3;0;;1.347;1.034;0.138;ROSA;148;
106;LC;10936;E;21;0;;0.814;1.947;0.292;AMARELA;145;
106;LC;13868;C;9;0;;1.269;0.861;0.126;CINZA - ESPECIAL D.J.;165;
107;LC;8971;B;24;0;;2.704;-0.413;0.172;AZUL;147;
107;LC;10299;B;27;0;;2.387;1.698;0.109;CINZA - ESPECIAL D.J.;165;
107;LC;12213;A;16;0;;2.092;0.004;0.163;AMARELA;145;
107;LC;12725;D;10;0;;3.26;0.222;0.128;CINZA;155;
107;LC;13064;A;26;0;;0.94;1.199;0.167;ROSA;148;
107;LC;13152;E;24;0;;2.563;0.427;0.125;CINZA;146;
108;LC;9258;E;3;0;;2.418;0.025;0.142;CINZA;146;
108;LC;11131;D;15;0;;1.774;1.431;0.105;AMARELA;145;
108;LC;11249;B;1;0;;1.452;0.192;0.178;CINZA;155;
108;LC;11950;E;25;0;;2.136;0.329;0.189;AZUL;147;
108;LC;13388;E;17;0;;1.971;0.039;0.169;ROSA;148;
108;LC;13965;D;9;0;;2.355;0.685;0.115;CINZA - ESPECIAL D.J.;165;
109;LC;7157;D;18;0;;1.16;0.242;0.183;AZUL;147;
109;LC;7627;B;4;0;;1.34;0.447;0.155;CINZA;155;
109;LC;7870;B;3;0;;1.881;-0.939;0.198;CINZA - ESPECIAL D.J.;165;
109;LC;9843;B;4;0;;2.072;0.209;0.134;ROSA;148;
109;LC;10467;A;9;0;;1.46;1.422;0.198;AMARELA;145;
109;LC;11950;E;25;0;;2.136;0.329;0.189;CINZA;146;
110;LC;7157;D;18;0;;1.16;0.242;0.183;CINZA;146;
110;LC;7473;E;26;0;;2.278;-0.271;0.163;CINZA;155;
110;LC;9267;A;17;0;;1.528;1.501;0.195;AMARELA;145;
110;LC;11818;E;26;0;;3.231;0.886;0.087;AZUL;147;
110;LC;13152;E;24;0;;2.563;0.427;0.125;ROSA;148;
110;LC;13910;D;30;0;;1.986;-0.032;0.14;CINZA - ESPECIAL D.J.;165;
111;LC;7447;A;18;0;;3.639;0.474;0.113;CINZA;155;
111;LC;9258;E;3;0;;2.418;0.025;0.142;ROSA;148;
111;LC;10609;A;29;0;;2.358;0.532;0.117;AZUL;147;
111;LC;11818;E;26;0;;3.231;0.886;0.087;CINZA;146;
111;LC;13440;B;18;0;;1.719;1.669;0.211;AMARELA;145;
111;LC;15085;C;10;0;;2.566;0.884;0.178;CINZA - ESPECIAL D.J.;165;
112;LC;6857;B;19;0;;1.722;-0.225;0.191;CINZA - ESPECIAL D.J.;165;
112;LC;7058;A;21;0;;1.204;0.233;0.194;CINZA;155;
112;LC;7174;C;15;0;;2.187;0.746;0.213;CINZA;146;
112;LC;7714;D;2;0;;1.775;-0.917;0.188;AMARELA;145;
112;LC;7714;D;2;0;;1.775;-0.917;0.188;ROSA;148;
112;LC;15064;B;17;0;;2.207;0.639;0.162;AZUL;147;
113;LC;7691;E;16;0;;1.388;1.697;0.12;AZUL;147;
113;LC;8716;D;11;0;;1.87;0.307;0.119;AMARELA;145;
113;LC;8716;D;11;0;;1.87;0.307;0.119;ROSA;148;
113;LC;8736;C;9;0;;1.134;0.494;0.246;CINZA;155;
113;LC;8806;D;28;0;;2.167;0.694;0.157;CINZA;146;
113;LC;11597;A;19;0;;1.861;0.814;0.164;CINZA - ESPECIAL D.J.;165;
114;LC;7714;D;2;0;;1.775;-0.917;0.188;AZUL;147;
114;LC;10609;A;29;0;;2.358;0.532;0.117;CINZA;146;
114;LC;11629;B;22;0;;2.439;0.846;0.177;CINZA - ESPECIAL D.J.;165;
114;LC;13473;E;17;0;;1.42;0.899;0.14;CINZA;155;
114;LC;13475;C;13;0;;1.032;0.763;0.195;AMARELA;145;
114;LC;13475;C;13;0;;1.032;0.763;0.195;ROSA;148;
115;LC;8716;D;11;0;;1.87;0.307;0.119;AZUL;147;
115;LC;10609;A;29;0;;2.358;0.532;0.117;ROSA;148;
115;LC;11950;E;25;0;;2.136;0.329;0.189;AMARELA;145;
115;LC;14300;C;2;0;;1.183;0.682;0.229;CINZA;155;
115;LC;15064;B;17;0;;2.207;0.639;0.162;CINZA;146;
115;LC;15086;B;10;0;;0.969;0.788;0.196;CINZA - ESPECIAL D.J.;165;
116;LC;7157;D;18;0;;1.16;0.242;0.183;AMARELA;145;
116;LC;7691;E;16;0;;1.388;1.697;0.12;CINZA;146;
116;LC;10366;C;19;0;;2.012;0.709;0.179;CINZA;155;
116;LC;13475;C;13;0;;1.032;0.763;0.195;AZUL;147;
116;LC;13507;B;1;0;;1.009;1.312;0.268;CINZA - ESPECIAL D.J.;165;
116;LC;15064;B;17;0;;2.207;0.639;0.162;ROSA;148;
117;LC;7691;E;16;0;;1.388;1.697;0.12;ROSA;148;
117;LC;7884;A;13;0;;2.006;0.688;0.17;CINZA;146;
117;LC;11818;E;26;0;;3.231;0.886;0.087;AMARELA;145;
117;LC;13388;E;17;0;;1.971;0.039;0.169;AZUL;147;
117;LC;14755;B;22;0;;2.216;0.642;0.124;CINZA;155;
117;LC;15093;D;12;0;;2.122;1.006;0.141;CINZA - ESPECIAL D.J.;165;
118;LC;7174;C;15;0;;2.187;0.746;0.213;AMARELA;145;
118;LC;9755;E;28;0;;2.418;0.544;0.112;CINZA;155;
118;LC;9843;B;4;0;;2.072;0.209;0.134;AZUL;147;
118;LC;11950;E;25;0;;2.136;0.329;0.189;ROSA;148;
118;LC;12235;C;14;0;;1.669;1.171;0.165;CINZA;146;
118;LC;12867;E;17;0;;1.355;1.572;0.141;CINZA - ESPECIAL D.J.;165;
119;LC;7157;D;18;0;;1.16;0.242;0.183;ROSA;148;
119;LC;7467;D;28;0;;2.792;0.304;0.139;CINZA - ESPECIAL D.J.;165;
119;LC;8806;D;28;0;;2.167;0.694;0.157;AMARELA;145;
119;LC;13152;E;24;0;;2.563;0.427;0.125;AZUL;147;
119;LC;13476;B;27;0;;0.969;2.035;0.26;CINZA;146;
119;LC;15077;A;29;0;;3.151;0.663;0.105;CINZA;155;
120;LC;7098;D;18;0;;1.994;0.551;0.177;CINZA;155;
120;LC;9258;E;3;0;;2.418;0.025;0.142;AZUL;147;
120;LC;10609;A;29;0;;2.358;0.532;0.117;AMARELA;145;
120;LC;11818;E;26;0;;3.231;0.886;0.087;ROSA;148;
120;LC;13273;D;15;0;;1.872;0.933;0.246;CINZA;146;
120;LC;15017;B;2;0;;0.924;1.663;0.189;CINZA - ESPECIAL D.J.;165;
121;LC;7174;C;15;0;;2.187;0.746;0.213;ROSA;148;
121;LC;7688;E;15;0;;2.221;1.323;0.19;CINZA;155;
121;LC;7884;A;13;0;;2.006;0.688;0.17;AZUL;147;
121;LC;10217;B;29;0;;1.186;0.483;0.143;CINZA - ESPECIAL D.J.;165;
121;LC;12402;B;19;0;;1.972;2.078;0.302;CINZA;146;
121;LC;15064;B;17;0;;2.207;0.639;0.162;AMARELA;145;
122;LC;7455;B;23;0;;0.981;1.366;0.253;CINZA;155;
122;LC;7691;E;16;0;;1.388;1.697;0.12;AMARELA;145;
122;LC;8806;D;28;0;;2.167;0.694;0.157;ROSA;148;
122;LC;10209;A;16;0;;1.95;0.927;0.193;CINZA - ESPECIAL D.J.;165;
122;LC;12096;A;27;0;;2.123;0.397;0.097;CINZA;146;
122;LC;12235;C;14;0;;1.669;1.171;0.165;AZUL;147;
123;LC;7032;C;24;0;;1.502;1.075;0.164;CINZA;155;
123;LC;7884;A;13;0;;2.006;0.688;0.17;AMARELA;145;
123;LC;10128;A;1;0;;2.826;1.126;0.226;CINZA;146;
123;LC;10211;A;16;0;;1.842;1.675;0.15;CINZA - ESPECIAL D.J.;165;
123;LC;13273;D;15;0;;1.872;0.933;0.246;ROSA;148;
123;LC;13476;B;27;0;;0.969;2.035;0.26;AZUL;147;
124;LC;7174;C;15;0;;2.187;0.746;0.213;AZUL;147;
124;LC;9697;A;26;0;;2.728;0.135;0.122;CINZA - ESPECIAL D.J.;165;
124;LC;10744;A;3;0;;1.347;1.034;0.138;CINZA;146;
124;LC;12235;C;14;0;;1.669;1.171;0.165;AMARELA;145;
124;LC;12402;B;19;0;;1.972;2.078;0.302;ROSA;148;
124;LC;14220;E;24;0;;2.041;0.999;0.156;CINZA;155;
125;LC;7847;B;25;0;;1.426;0.96;0.22;CINZA;155;
125;LC;8806;D;28;0;;2.167;0.694;0.157;AZUL;147;
125;LC;12096;A;27;0;;2.123;0.397;0.097;ROSA;148;
125;LC;13064;A;26;0;;0.94;1.199;0.167;CINZA;146;
125;LC;13476;B;27;0;;0.969;2.035;0.26;AMARELA;145;
125;LC;15076;C;27;0;;1.15;1.519;0.192;CINZA - ESPECIAL D.J.;165;
126;LC;7179;D;23;0;;1.248;1.226;0.226;CINZA;146;
126;LC;7884;A;13;0;;2.006;0.688;0.17;ROSA;148;
126;LC;9792;B;15;0;;1.414;1.179;0.152;CINZA;155;
126;LC;11145;C;23;0;;3.133;0.13;0.155;CINZA - ESPECIAL D.J.;165;
126;LC;13273;D;15;0;;1.872;0.933;0.246;AMARELA;145;
126;LC;13273;D;15;0;;1.872;0.933;0.246;AZUL;147;
127;LC;9758;B;11;0;;1.385;0.668;0.217;CINZA - ESPECIAL D.J.;165;
127;LC;12235;C;14;0;;1.669;1.171;0.165;ROSA;148;
127;LC;12402;B;19;0;;1.972;2.078;0.302;AMARELA;145;
127;LC;12402;B;19;0;;1.972;2.078;0.302;AZUL;147;
127;LC;13091;E;22;0;;2.838;1.048;0.07;CINZA;146;
127;LC;15101;B;12;0;;2.115;1.548;0.192;CINZA;155;
128;LC;7229;C;18;0;;2.631;-0.067;0.188;CINZA - ESPECIAL D.J.;165;
128;LC;9287;A;13;0;;0.912;0.699;0.186;CINZA;155;
128;LC;12096;A;27;0;;2.123;0.397;0.097;AMARELA;145;
128;LC;12096;A;27;0;;2.123;0.397;0.097;AZUL;147;
128;LC;13476;B;27;0;;0.969;2.035;0.26;ROSA;148;
128;LC;15094;D;12;0;;1.9;1.439;0.29;CINZA;146;
129;LC;7179;D;23;0;;1.248;1.226;0.226;AMARELA;145;
129;LC;7179;D;23;0;;1.248;1.226;0.226;AZUL;147;
129;LC;9434;C;17;0;;2.822;1.424;0.214;CINZA;155;
129;LC;9628;A;23;0;;1.24;1.616;0.21;ROSA;148;
129;LC;10467;A;9;0;;1.46;1.422;0.198;CINZA;146;
129;LC;13816;D;11;0;;1.527;1.204;0.138;CINZA - ESPECIAL D.J.;165;
130;LC;7876;C;16;0;;1.55;1.572;0.173;CINZA;155;
130;LC;9267;A;17;0;;1.528;1.501;0.195;CINZA;146;
130;LC;10289;D;15;0;;2.015;0.434;0.119;CINZA - ESPECIAL D.J.;165;
130;LC;10936;E;21;0;;0.814;1.947;0.292;ROSA;148;
130;LC;13091;E;22;0;;2.838;1.048;0.07;AMARELA;145;
130;LC;13091;E;22;0;;2.838;1.048;0.07;AZUL;147;
131;LC;9403;E;15;0;;1.683;1.585;0.135;CINZA;155;
131;LC;10822;E;18;0;;2.496;0.066;0.165;CINZA - ESPECIAL D.J.;165;
131;LC;12213;A;16;0;;2.092;0.004;0.163;ROSA;148;
131;LC;13440;B;18;0;;1.719;1.669;0.211;CINZA;146;
131;LC;15094;D;12;0;;1.9;1.439;0.29;AMARELA;145;
131;LC;15094;D;12;0;;1.9;1.439;0.29;AZUL;147;
132;LC;9628;A;23;0;;1.24;1.616;0.21;AZUL;147;
132;LC;9628;A;23;0;;1.24;1.616;0.21;CINZA;146;
132;LC;9917;A;10;0;;2.024;-0.076;0.183;AMARELA;145;
132;LC;10185;B;15;0;;1.418;0.202;0.168;CINZA - ESPECIAL D.J.;165;
132;LC;11131;D;15;0;;1.774;1.431;0.105;ROSA;148;
132;LC;15033;C;14;0;;1.455;1.455;0.154;CINZA;155;
133;LC;7179;D;23;0;;1.248;1.226;0.226;ROSA;148;
133;LC;7875;E;12;0;;1.189;0.254;0.168;CINZA - ESPECIAL D.J.;165;
133;LC;10936;E;21;0;;0.814;1.947;0.292;AZUL;147;
133;LC;10936;E;21;0;;0.814;1.947;0.292;CINZA;146;
133;LC;13161;A;30;0;;1.873;0.255;0.146;AMARELA;145;
133;LC;13592;D;18;0;;1.071;2.06;0.161;CINZA;155;
134;LC;9757;A;3;0;;1.903;-0.423;0.161;CINZA - ESPECIAL D.J.;165;
134;LC;10167;D;20;0;;1.339;0.003;0.153;AMARELA;145;
134;LC;12007;A;16;0;;1.114;2.418;0.25;CINZA;155;
134;LC;12213;A;16;0;;2.092;0.004;0.163;AZUL;147;
134;LC;12213;A;16;0;;2.092;0.004;0.163;CINZA;146;
134;LC;13091;E;22;0;;2.838;1.048;0.07;ROSA;148;
135;LC;7234;C;4;0;;0.962;2.012;0.151;CINZA;155;
135;LC;8778;C;18;0;;1.668;0.74;0.161;CINZA - ESPECIAL D.J.;165;
135;LC;11131;D;15;0;;1.774;1.431;0.105;AZUL;147;
135;LC;11131;D;15;0;;1.774;1.431;0.105;CINZA;146;
135;LC;11849;A;25;0;;1.828;0.166;0.169;AMARELA;145;
135;LC;15094;D;12;0;;1.9;1.439;0.29;ROSA;148;
136;MT;5817;B;2;0;;2.512;2.041;0.106;CINZA - ESPECIAL D.J.;166;
136;MT;8444;E;20;0;;1.135;-1.259;0.201;CINZA;150;
136;MT;8930;C;5;0;;0.898;1.628;0.128;ROSA;152;
136;MT;10547;A;4;0;;2.346;1.071;0.107;AMARELA;149;
136;MT;12670;C;24;0;;1.437;-0.18;0.169;CINZA;156;
136;MT;15395;D;11;0;;1.799;2.214;0.182;AZUL;151;
137;MT;9075;C;2;0;;1.587;-0.03;0.207;CINZA;156;
137;MT;10823;A;7;0;;1.483;-0.252;0.197;CINZA;150;
137;MT;12765;C;13;0;;3.113;1.76;0.222;ROSA;152;
137;MT;15307;E;7;0;;1.881;2.227;0.204;AZUL;151;
137;MT;15402;D;11;0;;2.023;1.286;0.085;AMARELA;149;
137;MT;15444;A;13;0;;2.147;0.629;0.164;CINZA - ESPECIAL D.J.;166;
138;MT;6086;B;3;0;;2.328;2.467;0.193;AZUL;151;
138;MT;9207;B;3;0;;1.517;-0.047;0.173;CINZA;150;
138;MT;15446;C;14;0;;1.786;1.911;0.138;ROSA;152;
138;MT;15460;E;30;0;;1.282;1.837;0.151;AMARELA;149;
138;MT;15469;E;26;0;;3.02;1.763;0.05;CINZA - ESPECIAL D.J.;166;
138;MT;18389;C;18;0;;1.03;0.471;0.173;CINZA;156;
139;MT;7285;B;17;0;;2.075;2.145;0.171;CINZA - ESPECIAL D.J.;166;
139;MT;7421;D;28;0;;1.952;2.677;0.096;AZUL;151;
139;MT;7890;B;8;0;;2.576;2.062;0.189;ROSA;152;
139;MT;9909;D;12;0;;1.867;1.515;0.129;AMARELA;149;
139;MT;10974;B;27;0;;2.263;0.512;0.11;CINZA;156;
139;MT;12533;E;26;0;;1.306;0.46;0.176;CINZA;150;
140;MT;8444;E;20;0;;1.135;-1.259;0.201;AMARELA;149;
140;MT;8504;D;23;0;;1.079;1.617;0.29;AZUL;151;
140;MT;9572;A;22;0;;3.412;3.036;0.209;CINZA - ESPECIAL D.J.;166;
140;MT;10494;C;3;0;;1.848;0.598;0.153;CINZA;156;
140;MT;11521;E;25;0;;2.353;0.55;0.186;CINZA;150;
140;MT;12730;C;1;0;;1.589;0.603;0.137;ROSA;152;
141;MT;7603;E;19;0;;2.305;1.406;0.305;AZUL;151;
141;MT;9576;C;27;0;;2.138;0.686;0.249;CINZA;156;
141;MT;10181;E;15;0;;2.384;0.633;0.16;CINZA;150;
141;MT;10823;A;7;0;;1.483;-0.252;0.197;AMARELA;149;
141;MT;14393;A;25;0;;2.366;0.465;0.114;ROSA;152;
141;MT;15467;D;29;0;;2.711;1.541;0.157;CINZA - ESPECIAL D.J.;166;
142;MT;7031;C;6;0;;1.738;0.754;0.196;CINZA;150;
142;MT;7729;D;3;0;;1.517;0.82;0.15;CINZA;156;
142;MT;7823;B;9;0;;1.104;2.818;0.178;CINZA - ESPECIAL D.J.;166;
142;MT;8428;B;26;0;;1.613;0.452;0.124;ROSA;152;
142;MT;9207;B;3;0;;1.517;-0.047;0.173;AMARELA;149;
142;MT;11343;D;12;0;;1.797;1.306;0.12;AZUL;151;
143;MT;7282;A;16;0;;1.8;-0.418;0.186;ROSA;152;
143;MT;7291;A;19;0;;2.544;1.267;0.269;AZUL;151;
143;MT;9411;A;26;0;;0.952;0.976;0.101;CINZA;156;
143;MT;10300;B;21;0;;2.369;0.826;0.148;CINZA;150;
143;MT;12533;E;26;0;;1.306;0.46;0.176;AMARELA;149;
143;MT;14246;C;19;0;;0.684;-0.506;0.194;CINZA - ESPECIAL D.J.;166;
144;MT;7725;D;4;0;;2.764;0.956;0.129;CINZA;150;
144;MT;8444;E;20;0;;1.135;-1.259;0.201;ROSA;152;
144;MT;8461;D;18;0;;3.874;1.504;0.13;CINZA - ESPECIAL D.J.;166;
144;MT;10547;A;4;0;;2.346;1.071;0.107;AZUL;151;
144;MT;11521;E;25;0;;2.353;0.55;0.186;AMARELA;149;
144;MT;15308;C;7;0;;2.538;1.094;0.171;CINZA;156;
145;MT;5970;B;26;0;;1.89;2.042;0.11;CINZA - ESPECIAL D.J.;166;
145;MT;7357;C;28;0;;2.388;1.294;0.196;CINZA;156;
145;MT;10181;E;15;0;;2.384;0.633;0.16;AMARELA;149;
145;MT;10547;A;4;0;;2.346;1.071;0.107;CINZA;150;
145;MT;10823;A;7;0;;1.483;-0.252;0.197;ROSA;152;
145;MT;15402;D;11;0;;2.023;1.286;0.085;AZUL;151;
146;MT;8930;C;5;0;;0.898;1.628;0.128;AMARELA;149;
146;MT;9207;B;3;0;;1.517;-0.047;0.173;ROSA;152;
146;MT;12992;C;12;0;;2.377;1.344;0.155;CINZA;156;
146;MT;15402;D;11;0;;2.023;1.286;0.085;CINZA;150;
146;MT;15460;E;30;0;;1.282;1.837;0.151;AZUL;151;
146;MT;15461;B;30;0;;0.668;0.226;0.207;CINZA - ESPECIAL D.J.;166;
147;MT;9909;D;12;0;;1.867;1.515;0.129;AZUL;151;
147;MT;11456;D;4;0;;1.821;1.42;0.108;CINZA;156;
147;MT;12533;E;26;0;;1.306;0.46;0.176;ROSA;152;
147;MT;12765;C;13;0;;3.113;1.76;0.222;AMARELA;149;
147;MT;15304;A;5;0;;2.383;2.493;0.16;CINZA - ESPECIAL D.J.;166;
147;MT;15460;E;30;0;;1.282;1.837;0.151;CINZA;150;
148;MT;7294;A;25;0;;2.351;1.494;0.127;CINZA;156;
148;MT;8444;E;20;0;;1.135;-1.259;0.201;AZUL;151;
148;MT;8497;C;1;0;;1.817;1.986;0.317;CINZA - ESPECIAL D.J.;166;
148;MT;9214;A;9;0;;3.544;2.408;0.141;ROSA;152;
148;MT;9909;D;12;0;;1.867;1.515;0.129;CINZA;150;
148;MT;15446;C;14;0;;1.786;1.911;0.138;AMARELA;149;
149;MT;7419;E;28;0;;3.573;1.665;0.192;CINZA;156;
149;MT;7890;B;8;0;;2.576;2.062;0.189;AMARELA;149;
149;MT;8511;A;6;0;;3.5;2.071;0.168;CINZA - ESPECIAL D.J.;166;
149;MT;8930;C;5;0;;0.898;1.628;0.128;CINZA;150;
149;MT;10823;A;7;0;;1.483;-0.252;0.197;AZUL;151;
149;MT;10896;E;6;0;;1.305;2.218;0.111;ROSA;152;
150;MT;8504;D;23;0;;1.079;1.617;0.29;AMARELA;149;
150;MT;9207;B;3;0;;1.517;-0.047;0.173;AZUL;151;
150;MT;10460;E;6;0;;0.92;1.135;0.148;CINZA - ESPECIAL D.J.;166;
150;MT;10783;A;1;0;;1.314;1.706;0.187;CINZA;156;
150;MT;12765;C;13;0;;3.113;1.76;0.222;CINZA;150;
150;MT;15453;E;13;0;;2.132;-0.048;0.176;ROSA;152;
151;MT;7603;E;19;0;;2.305;1.406;0.305;AMARELA;149;
151;MT;9593;C;5;0;;3.471;1.875;0.171;CINZA;156;
151;MT;11521;E;25;0;;2.353;0.55;0.186;ROSA;152;
151;MT;12533;E;26;0;;1.306;0.46;0.176;AZUL;151;
151;MT;15440;E;12;0;;3.031;1.702;0.105;CINZA - ESPECIAL D.J.;166;
151;MT;15446;C;14;0;;1.786;1.911;0.138;CINZA;150;
152;MT;5977;B;21;0;;2.361;2.031;0.116;CINZA;156;
152;MT;7890;B;8;0;;2.576;2.062;0.189;CINZA;150;
152;MT;8551;D;10;0;;3.579;2.963;0.153;CINZA - ESPECIAL D.J.;166;
152;MT;9214;A;9;0;;3.544;2.408;0.141;AZUL;151;
152;MT;10181;E;15;0;;2.384;0.633;0.16;ROSA;152;
152;MT;11343;D;12;0;;1.797;1.306;0.12;AMARELA;149;
153;MT;5983;A;25;0;;1.806;2.832;0.185;CINZA - ESPECIAL D.J.;166;
153;MT;7291;A;19;0;;2.544;1.267;0.269;AMARELA;149;
153;MT;8504;D;23;0;;1.079;1.617;0.29;ROSA;152;
153;MT;10896;E;6;0;;1.305;2.218;0.111;AZUL;151;
153;MT;15393;D;11;0;;2.857;2.066;0.176;CINZA;156;
153;MT;15395;D;11;0;;1.799;2.214;0.182;CINZA;150;
154;MT;7031;C;6;0;;1.738;0.754;0.196;AMARELA;149;
154;MT;7603;E;19;0;;2.305;1.406;0.305;ROSA;152;
154;MT;8433;C;4;0;;2.849;2.542;0.151;CINZA - ESPECIAL D.J.;166;
154;MT;15307;E;7;0;;1.881;2.227;0.204;CINZA;150;
154;MT;15453;E;13;0;;2.132;-0.048;0.176;AZUL;151;
154;MT;15479;A;14;0;;1.943;2.112;0.109;CINZA;156;
155;MT;6086;B;3;0;;2.328;2.467;0.193;CINZA;150;
155;MT;7422;E;7;0;;2.544;1.508;0.182;CINZA - ESPECIAL D.J.;166;
155;MT;8489;C;15;0;;1.423;2.168;0.123;CINZA;156;
155;MT;10300;B;21;0;;2.369;0.826;0.148;AMARELA;149;
155;MT;11343;D;12;0;;1.797;1.306;0.12;ROSA;152;
155;MT;11521;E;25;0;;2.353;0.55;0.186;AZUL;151;
156;MT;6071;C;8;0;;1.9;2.14;0.179;CINZA - ESPECIAL D.J.;166;
156;MT;7291;A;19;0;;2.544;1.267;0.269;ROSA;152;
156;MT;7421;D;28;0;;1.952;2.677;0.096;CINZA;150;
156;MT;7725;D;4;0;;2.764;0.956;0.129;AMARELA;149;
156;MT;8813;C;9;0;;2.139;2.31;0.234;CINZA;156;
156;MT;10181;E;15;0;;2.384;0.633;0.16;AZUL;151;
157;MT;7270;D;3;0;;2.392;0.146;0.147;CINZA - ESPECIAL D.J.;166;
157;MT;8818;A;9;0;;2.199;2.028;0.1;CINZA;156;
157;MT;8930;C;5;0;;0.898;1.628;0.128;AZUL;151;
157;MT;10441;E;27;0;;2.042;3.236;0.108;CINZA;150;
157;MT;10547;A;4;0;;2.346;1.071;0.107;ROSA;152;
157;MT;12730;C;1;0;;1.589;0.603;0.137;AMARELA;149;
158;MT;8467;B;13;0;;2.221;2.346;0.207;CINZA - ESPECIAL D.J.;166;
158;MT;9173;C;3;0;;1.312;3.255;0.143;CINZA;150;
158;MT;12765;C;13;0;;3.113;1.76;0.222;AZUL;151;
158;MT;14393;A;25;0;;2.366;0.465;0.114;AMARELA;149;
158;MT;15306;D;6;0;;1.777;2.859;0.073;CINZA;156;
158;MT;15402;D;11;0;;2.023;1.286;0.085;ROSA;152;
159;MT;7245;B;16;0;;2.193;1.41;0.102;CINZA - ESPECIAL D.J.;166;
159;MT;8428;B;26;0;;1.613;0.452;0.124;AMARELA;149;
159;MT;8455;B;13;0;;2.606;2.804;0.222;CINZA;156;
159;MT;12105;D;29;0;;1.24;3.242;0.18;CINZA;150;
159;MT;15446;C;14;0;;1.786;1.911;0.138;AZUL;151;
159;MT;15460;E;30;0;;1.282;1.837;0.151;ROSA;152;
160;MT;7280;D;2;0;;1.501;1.039;0.13;CINZA - ESPECIAL D.J.;166;
160;MT;7282;A;16;0;;1.8;-0.418;0.186;AMARELA;149;
160;MT;7890;B;8;0;;2.576;2.062;0.189;AZUL;151;
160;MT;9909;D;12;0;;1.867;1.515;0.129;ROSA;152;
160;MT;11010;B;27;0;;1.891;2.719;0.12;CINZA;150;
160;MT;12118;C;6;0;;3.072;2.497;0.049;CINZA;156;
161;MT;7031;C;6;0;;1.738;0.754;0.196;ROSA;152;
161;MT;7318;C;17;0;;2.309;2.521;0.16;CINZA;150;
161;MT;10061;C;8;0;;3.035;2.171;0.189;CINZA;156;
161;MT;11987;C;20;0;;1.811;1.981;0.14;CINZA - ESPECIAL D.J.;166;
161;MT;12730;C;1;0;;1.589;0.603;0.137;AZUL;151;
161;MT;15395;D;11;0;;1.799;2.214;0.182;AMARELA;149;
162;MT;9063;C;1;0;;2.634;0.962;0.159;CINZA - ESPECIAL D.J.;166;
162;MT;9214;A;9;0;;3.544;2.408;0.141;CINZA;150;
162;MT;10300;B;21;0;;2.369;0.826;0.148;ROSA;152;
162;MT;14393;A;25;0;;2.366;0.465;0.114;AZUL;151;
162;MT;15307;E;7;0;;1.881;2.227;0.204;AMARELA;149;
162;MT;15464;B;30;0;;1.862;2.14;0.2;CINZA;156;
163;MT;6086;B;3;0;;2.328;2.467;0.193;AMARELA;149;
163;MT;7412;B;10;0;;2.649;2.079;0.197;CINZA;156;
163;MT;7725;D;4;0;;2.764;0.956;0.129;ROSA;152;
163;MT;8428;B;26;0;;1.613;0.452;0.124;AZUL;151;
163;MT;8794;B;4;0;;1.914;2.136;0.18;CINZA - ESPECIAL D.J.;166;
163;MT;10896;E;6;0;;1.305;2.218;0.111;CINZA;150;
164;MT;5844;C;29;0;;3.423;2.051;0.153;CINZA;156;
164;MT;7282;A;16;0;;1.8;-0.418;0.186;AZUL;151;
164;MT;7421;D;28;0;;1.952;2.677;0.096;AMARELA;149;
164;MT;15395;D;11;0;;1.799;2.214;0.182;ROSA;152;
164;MT;15442;A;12;0;;2.397;1.301;0.059;CINZA - ESPECIAL D.J.;166;
164;MT;15453;E;13;0;;2.132;-0.048;0.176;CINZA;150;
165;MT;7031;C;6;0;;1.738;0.754;0.196;AZUL;151;
165;MT;8187;D;3;0;;1.799;1.477;0.112;CINZA - ESPECIAL D.J.;166;
165;MT;8371;B;21;0;;3.552;2.084;0.228;CINZA;150;
165;MT;9214;A;9;0;;3.544;2.408;0.141;AMARELA;149;
165;MT;15307;E;7;0;;1.881;2.227;0.204;ROSA;152;
165;MT;18391;C;22;0;;2.382;2.896;0.223;CINZA;156;
166;MT;5773;E;21;0;;1.738;1.953;0.123;CINZA;150;
166;MT;6086;B;3;0;;2.328;2.467;0.193;ROSA;152;
166;MT;8435;B;30;0;;2.407;2.065;0.233;CINZA - ESPECIAL D.J.;166;
166;MT;10172;B;5;0;;1.685;1.789;0.146;CINZA;156;
166;MT;10300;B;21;0;;2.369;0.826;0.148;AZUL;151;
166;MT;10896;E;6;0;;1.305;2.218;0.111;AMARELA;149;
167;MT;5837;A;11;0;;1.756;2.243;0.07;CINZA - ESPECIAL D.J.;166;
167;MT;7421;D;28;0;;1.952;2.677;0.096;ROSA;152;
167;MT;7725;D;4;0;;2.764;0.956;0.129;AZUL;151;
167;MT;8439;D;15;0;;2.035;1.851;0.256;CINZA;150;
167;MT;15448;E;20;0;;3.445;1.694;0.087;CINZA;156;
167;MT;15453;E;13;0;;2.132;-0.048;0.176;AMARELA;149;
168;MT;7324;D;1;0;;3.324;1.019;0.124;AMARELA;149;
168;MT;8371;B;21;0;;3.552;2.084;0.228;AZUL;151;
168;MT;9577;B;10;0;;3.508;1.659;0.175;CINZA;150;
168;MT;10036;A;15;0;;2.306;2.345;0.097;CINZA - ESPECIAL D.J.;166;
168;MT;10441;E;27;0;;2.042;3.236;0.108;ROSA;152;
168;MT;11026;D;7;0;;1.774;1.582;0.168;CINZA;156;
169;MT;5773;E;21;0;;1.738;1.953;0.123;AZUL;151;
169;MT;8397;B;19;0;;2.7;1.945;0.174;CINZA - ESPECIAL D.J.;166;
169;MT;8466;A;19;0;;1.642;1.448;0.166;CINZA;156;
169;MT;8504;D;23;0;;1.079;1.617;0.29;CINZA;150;
169;MT;9173;C;3;0;;1.312;3.255;0.143;ROSA;152;
169;MT;13915;B;16;0;;1.453;0.875;0.19;AMARELA;149;
170;MT;7509;B;24;0;;2.36;1.128;0.166;CINZA - ESPECIAL D.J.;166;
170;MT;7603;E;19;0;;2.305;1.406;0.305;CINZA;150;
170;MT;8439;D;15;0;;2.035;1.851;0.256;AZUL;151;
170;MT;11147;D;19;0;;3.042;1.368;0.136;CINZA;156;
170;MT;12105;D;29;0;;1.24;3.242;0.18;ROSA;152;
170;MT;12252;D;29;0;;1.479;0.795;0.195;AMARELA;149;
171;MT;8176;D;27;0;;1.405;1.421;0.114;CINZA - ESPECIAL D.J.;166;
171;MT;8405;D;25;0;;2.198;0.699;0.158;AMARELA;149;
171;MT;9577;B;10;0;;3.508;1.659;0.175;AZUL;151;
171;MT;9650;B;2;0;;1.697;1.317;0.151;CINZA;156;
171;MT;11010;B;27;0;;1.891;2.719;0.12;ROSA;152;
171;MT;11343;D;12;0;;1.797;1.306;0.12;CINZA;150;
172;MT;7291;A;19;0;;2.544;1.267;0.269;CINZA;150;
172;MT;7318;C;17;0;;2.309;2.521;0.16;ROSA;152;
172;MT;7324;D;1;0;;3.324;1.019;0.124;AZUL;151;
172;MT;9961;D;21;0;;2.44;0.835;0.138;CINZA - ESPECIAL D.J.;166;
172;MT;10441;E;27;0;;2.042;3.236;0.108;AMARELA;149;
172;MT;18390;E;23;0;;1.397;2.462;0.111;CINZA;156;
173;MT;7324;D;1;0;;3.324;1.019;0.124;CINZA;150;
173;MT;7659;E;24;0;;2.755;1.542;0.054;CINZA - ESPECIAL D.J.;166;
173;MT;8371;B;21;0;;3.552;2.084;0.228;ROSA;152;
173;MT;8398;A;12;0;;1.847;1.775;0.174;CINZA;156;
173;MT;9173;C;3;0;;1.312;3.255;0.143;AMARELA;149;
173;MT;13915;B;16;0;;1.453;0.875;0.19;AZUL;151;
174;MT;5773;E;21;0;;1.738;1.953;0.123;ROSA;152;
174;MT;8926;B;27;0;;1.55;1.896;0.163;CINZA - ESPECIAL D.J.;166;
174;MT;9321;C;16;0;;3.072;0.909;0.088;CINZA;156;
174;MT;12105;D;29;0;;1.24;3.242;0.18;AMARELA;149;
174;MT;12252;D;29;0;;1.479;0.795;0.195;AZUL;151;
174;MT;13915;B;16;0;;1.453;0.875;0.19;CINZA;150;
175;MT;8019;E;11;0;;2.292;1.766;0.082;CINZA - ESPECIAL D.J.;166;
175;MT;8405;D;25;0;;2.198;0.699;0.158;AZUL;151;
175;MT;8439;D;15;0;;2.035;1.851;0.256;ROSA;152;
175;MT;9349;D;17;0;;2.021;0.757;0.149;CINZA;156;
175;MT;11010;B;27;0;;1.891;2.719;0.12;AMARELA;149;
175;MT;12252;D;29;0;;1.479;0.795;0.195;CINZA;150;
176;MT;7318;C;17;0;;2.309;2.521;0.16;AMARELA;149;
176;MT;8405;D;25;0;;2.198;0.699;0.158;CINZA;150;
176;MT;9577;B;10;0;;3.508;1.659;0.175;ROSA;152;
176;MT;9595;C;1;0;;1.903;0.648;0.227;CINZA;156;
176;MT;10441;E;27;0;;2.042;3.236;0.108;AZUL;151;
176;MT;10457;B;15;0;;1.407;2.543;0.18;CINZA - ESPECIAL D.J.;166;
177;MT;7324;D;1;0;;3.324;1.019;0.124;ROSA;152;
177;MT;8371;B;21;0;;3.552;2.084;0.228;AMARELA;149;
177;MT;9173;C;3;0;;1.312;3.255;0.143;AZUL;151;
177;MT;9635;D;4;0;;2.106;0.582;0.139;CINZA;156;
177;MT;10690;D;1;0;;0.966;-0.893;0.195;CINZA - ESPECIAL D.J.;166;
177;MT;12730;C;1;0;;1.589;0.603;0.137;CINZA;150;
178;MT;5773;E;21;0;;1.738;1.953;0.123;AMARELA;149;
178;MT;8195;B;16;0;;1.862;0.496;0.238;CINZA;156;
178;MT;10786;A;5;0;;1.801;2.793;0.034;CINZA - ESPECIAL D.J.;166;
178;MT;12105;D;29;0;;1.24;3.242;0.18;AZUL;151;
178;MT;13915;B;16;0;;1.453;0.875;0.19;ROSA;152;
178;MT;14393;A;25;0;;2.366;0.465;0.114;CINZA;150;
179;MT;7475;E;15;0;;1.768;0.003;0.217;CINZA;156;
179;MT;8428;B;26;0;;1.613;0.452;0.124;CINZA;150;
179;MT;8439;D;15;0;;2.035;1.851;0.256;AMARELA;149;
179;MT;9511;D;21;0;;2.403;2.39;0.166;CINZA - ESPECIAL D.J.;166;
179;MT;11010;B;27;0;;1.891;2.719;0.12;AZUL;151;
179;MT;12252;D;29;0;;1.479;0.795;0.195;ROSA;152;
180;MT;7023;D;24;0;;1.685;-0.178;0.172;CINZA;156;
180;MT;7282;A;16;0;;1.8;-0.418;0.186;CINZA;150;
180;MT;7318;C;17;0;;2.309;2.521;0.16;AZUL;151;
180;MT;8405;D;25;0;;2.198;0.699;0.158;ROSA;152;
180;MT;8556;A;28;0;;2.238;1.932;0.108;CINZA - ESPECIAL D.J.;166;
180;MT;9577;B;10;0;;3.508;1.659;0.175;AMARELA;149;
